{
  "simulation": {
    "type": "custom",
    "pendulum1": {
      "m": 5,
      "x": 1.5,
      "y": -2,
      "u": 0,
      "v": 0
    },
    "pendulum2": {
      "m": 3,
      "x": 3.0,
      "y": -4,
      "u": 0,
      "v": 0
    }
  },
  "parameters": {
    "duration": 1.0,
    "step_size": 0.1,
    "method": "RK4",
    "num_points": 11
  },
  "trajectory": [
    [
      1.5,
      -2.0,
      3.0,
      -4.0
    ],
    [
      1.476451912990163,
      -2.017445445796196,
      2.976352502658633,
      -4.017520003544844
    ],
    [
      1.4058437480874288,
      -2.0672661050008623,
      2.9042205649733117,
      -4.068482595210689
    ],
    [
      1.2888181521594186,
      -2.142175784768991,
      2.780391810880422,
      -4.1484685741644425
    ],
    [
      1.1279820528220337,
      -2.231055069650705,
      2.600653712019926,
      -4.251264432700131
    ],
    [
      0.9293271679009147,
      -2.3208371423449927,
      2.3612496434897605,
      -4.370132445732043
    ],
    [
      0.7028222989763582,
      -2.3991594563340883,
      2.060195724199232,
      -4.498575748697345
    ],
    [
      0.4617486010389521,
      -2.456972465363533,
      1.6979040831098333,
      -4.6299683102956335
    ],
    [
      0.2210440922393791,
      -2.4901954770550443,
      1.2771982543085971,
      -4.756135203752651
    ],
    [
      -0.004822036644990868,
      -2.4999852164423513,
      0.8034881663008998,
      -4.865677520370953
    ],
    [
      -0.2040969479574918,
      -2.4916485432106605,
      0.285874189961309,
      -4.943113049387362
    ]
  ]
}