{
  "simulation": {
    "type": "random",
    "pendulum1": {
      "m": 4.68,
      "x": -5.669165567968034,
      "y": -0.8989781771353931,
      "u": 0.0,
      "v": 0.0
    },
    "pendulum2": {
      "m": 4.38,
      "x": -9.257722483758176,
      "y": -0.28917553518085026,
      "u": 0.0,
      "v": 0.0
    }
  },
  "parameters": {
    "duration": 2.0,
    "step_size": 0.1,
    "method": "RK4",
    "num_points": 21
  },
  "trajectory": [
    [
      -5.669165567968034,
      -0.8989781771353931,
      -9.257722483758176,
      -0.28917553518085026
    ],
    [
      -5.661714702770535,
      -0.9447668302603768,
      -9.251016501862722,
      -0.3393636786559868
    ],
    [
      -5.637295220025478,
      -1.08096795573821,
      -9.229038807711325,
      -0.4902224627211902
    ],
    [
      -5.589947627391936,
      -1.3038628082463326,
      -9.186411126643709,
      -0.7425634987513586
    ],
    [
      -5.510567616646153,
      -1.6066086104463544,
      -9.114790087112961,
      -1.097496326303609
    ],
    [
      -5.388198815320334,
      -1.9785912454284433,
      -9.00359479735571,
      -1.5560514360514623
    ],
    [
      -5.211850114002036,
      -2.4050113426453446,
      -8.840573719636307,
      -2.1186389796776233
    ],
    [
      -4.9727329303048435,
      -2.8669369997998375,
      -8.611802602652533,
      -2.7842999862106295
    ],
    [
      -4.666745940090025,
      -3.341977421314077,
      -8.300829219144356,
      -3.549561945406555
    ],
    [
      -4.296904960541501,
      -3.8057680960612172,
      -7.887005229244334,
      -4.406421878311768
    ],
    [
      -3.875042821064586,
      -4.234532637172354,
      -7.343544066708954,
      -5.338599186420435
    ],
    [
      -3.421359887442317,
      -4.608855920533902,
      -6.636696239009638,
      -6.314944270230647
    ],
    [
      -2.95929954951517,
      -4.918329129143377,
      -5.729265323416053,
      -7.279611631699621
    ],
    [
      -2.502468079813785,
      -5.165787693651311,
      -4.595039559266243,
      -8.143711502525193
    ],
    [
      -2.0355550952714467,
      -5.36697927572272,
      -3.2488293727118442,
      -8.798167529751767
    ],
    [
      -1.51110221551829,
      -5.537535004803375,
      -1.7672086210231779,
      -9.167749526497527
    ],
    [
      -0.881299031755164,
      -5.6718855323463595,
      -0.25580327173653283,
      -9.256858375793612
    ],
    [
      -0.13028117587218246,
      -5.7383887107146,
      1.2031785042477854,
      -9.12424431016997
    ],
    [
      0.7227807211409704,
      -5.6941021679156805,
      2.563530778723951,
      -8.832926901096839
    ],
    [
      1.6342927676256547,
      -5.5021300045121535,
      3.8000848310851456,
      -8.425836458448048
    ],
    [
      2.545879242793289,
      -5.144115813352739,
      4.894144843437364,
      -7.923012852070258
    ]
  ]
}